num_try,mode,val_loss,val_acc,val_error,val_abs_error,execution_time_train,execution_time_load_saved_model,execution_time_use_saved_model,batch_size,n_nodes,activations,L1_penalty,L2_penalty,learning_rate,dropout_prob,use_batch_norm,num_epoch_used,criterion_name,criterion_params
0,Mode.DLMT_DQ_FM,9.075092277526856,2.1426985263824463,9.453205019235613,9.453205019235613,74.83660197257996,0.0022783399820327,0.0002474397420883,64,"[32, 32]","[GELU(approximate='none'), GELU(approximate='none')]",0.01,0.01,0.01,0.0,True,290,ModifiedHuberLoss,"{'delta': 0.2, 'factor': 0.5}"
1,Mode.DLMT_DQ_FM,17.03309741973877,2.112595319747925,-9.598585963249208,9.598585963249208,78.3226625919342,0.0023382436037063,0.0002535177469253,64,"[32, 32]","[GELU(approximate='none'), GELU(approximate='none')]",0.01,0.01,0.01,0.0,True,314,ModifiedHuberLoss,"{'delta': 0.2, 'factor': 1.0}"
2,Mode.DLMT_DQ_FM,24.44308609008789,2.229858160018921,-7.6395183801651,7.6395183801651,74.60474348068237,0.0022262049913406,0.0002422430515289,64,"[32, 32]","[GELU(approximate='none'), GELU(approximate='none')]",0.01,0.01,0.01,0.0,True,295,ModifiedHuberLoss,"{'delta': 0.5, 'factor': 0.5}"
3,Mode.DLMT_DQ_FM,41.88083343505859,2.116381883621216,-10.178946703672407,10.178946703672407,81.91141843795776,0.0022690595388412,0.0002455059289932,64,"[32, 32]","[GELU(approximate='none'), GELU(approximate='none')]",0.01,0.01,0.01,0.0,True,326,ModifiedHuberLoss,"{'delta': 0.5, 'factor': 1.0}"
4,Mode.DLMT_DQ_FM,19.17771472930908,3.266821384429932,-9.389457106590273,9.389457106590273,69.34971451759338,0.0023099142313003,0.0002511128187179,64,"[32, 32]","[GELU(approximate='none'), GELU(approximate='none')]",0.01,0.01,0.01,0.2,True,267,ModifiedHuberLoss,"{'delta': 0.2, 'factor': 0.5}"
5,Mode.DLMT_DQ_FM,31.925178756713866,2.9000558853149414,-14.559412002563477,14.559412002563477,64.17658138275146,0.0022471760511398,0.0002450822591781,64,"[32, 32]","[GELU(approximate='none'), GELU(approximate='none')]",0.01,0.01,0.01,0.2,True,250,ModifiedHuberLoss,"{'delta': 0.2, 'factor': 1.0}"
6,Mode.DLMT_DQ_FM,34.85797988891601,2.6734087467193604,-13.365568220615389,13.365568220615389,54.54349732398987,0.0023608729839324,0.0002565935850143,64,"[32, 32]","[GELU(approximate='none'), GELU(approximate='none')]",0.01,0.01,0.01,0.2,True,210,ModifiedHuberLoss,"{'delta': 0.5, 'factor': 0.5}"
7,Mode.DLMT_DQ_FM,89.28689453125,3.034932374954224,-9.046420454978945,9.046420454978945,59.64129424095154,0.0023409951925277,0.0002489912509918,64,"[32, 32]","[GELU(approximate='none'), GELU(approximate='none')]",0.01,0.01,0.01,0.2,True,223,ModifiedHuberLoss,"{'delta': 0.5, 'factor': 1.0}"
8,Mode.DLMT_DQ_FM,37.50723846435547,4.747748851776123,-13.717693090438845,13.717693090438845,76.75448203086853,0.0022686469554901,0.000247252702713,64,"[32, 32]","[GELU(approximate='none'), GELU(approximate='none')]",0.01,0.01,0.01,0.5,True,297,ModifiedHuberLoss,"{'delta': 0.2, 'factor': 0.5}"
9,Mode.DLMT_DQ_FM,68.91429946899414,4.41809606552124,-13.298462331295012,13.298462331295012,65.10940480232239,0.0022470868825912,0.0002447124719619,64,"[32, 32]","[GELU(approximate='none'), GELU(approximate='none')]",0.01,0.01,0.01,0.5,True,247,ModifiedHuberLoss,"{'delta': 0.2, 'factor': 1.0}"
10,Mode.DLMT_DQ_FM,82.78389953613281,4.321599960327148,-14.02481347322464,14.02481347322464,70.38589024543762,0.0023379032611846,0.0002533152103424,64,"[32, 32]","[GELU(approximate='none'), GELU(approximate='none')]",0.01,0.01,0.01,0.5,True,273,ModifiedHuberLoss,"{'delta': 0.5, 'factor': 0.5}"
11,Mode.DLMT_DQ_FM,193.2821060180664,4.781408309936523,-14.530512690544128,14.530512690544128,47.06641221046448,0.0022459886074066,0.0002444931268692,64,"[32, 32]","[GELU(approximate='none'), GELU(approximate='none')]",0.01,0.01,0.01,0.5,True,181,ModifiedHuberLoss,"{'delta': 0.5, 'factor': 1.0}"
12,Mode.DLMT_DQ_FM,7.678387069702149,2.012355327606201,-0.968865305185318,0.968865305185318,68.49304270744324,0.0022421253919601,0.000244103193283,64,"[32, 32]","[GELU(approximate='none'), GELU(approximate='none')]",0.01,0.001,0.01,0.0,True,271,ModifiedHuberLoss,"{'delta': 0.2, 'factor': 0.5}"
13,Mode.DLMT_DQ_FM,19.818473625183103,2.3010833263397217,-5.230087414383888,5.230087414383888,80.69097375869751,0.0023605635166168,0.0002564786672592,64,"[32, 32]","[GELU(approximate='none'), GELU(approximate='none')]",0.01,0.001,0.01,0.0,True,315,ModifiedHuberLoss,"{'delta': 0.2, 'factor': 1.0}"
14,Mode.DLMT_DQ_FM,20.107690925598146,2.083587169647217,-14.502297341823578,14.502297341823578,71.80402207374573,0.0023593587875366,0.0002588154077529,64,"[32, 32]","[GELU(approximate='none'), GELU(approximate='none')]",0.01,0.001,0.01,0.0,True,278,ModifiedHuberLoss,"{'delta': 0.5, 'factor': 0.5}"
15,Mode.DLMT_DQ_FM,40.02134048461914,2.0774600505828857,3.1200099736452103,3.1200099736452103,91.07167744636536,0.0022390120029449,0.0002448955774307,64,"[32, 32]","[GELU(approximate='none'), GELU(approximate='none')]",0.01,0.001,0.01,0.0,True,358,ModifiedHuberLoss,"{'delta': 0.5, 'factor': 1.0}"
16,Mode.DLMT_DQ_FM,15.628673934936524,2.838954448699951,-13.538320362567902,13.538320362567902,56.11353039741516,0.0022788063287734,0.0002465385198593,64,"[32, 32]","[GELU(approximate='none'), GELU(approximate='none')]",0.01,0.001,0.01,0.2,True,216,ModifiedHuberLoss,"{'delta': 0.2, 'factor': 0.5}"
17,Mode.DLMT_DQ_FM,37.2208406829834,3.188758611679077,-13.458450138568878,13.458450138568878,82.4685287475586,0.0022591197490692,0.0002456766366958,64,"[32, 32]","[GELU(approximate='none'), GELU(approximate='none')]",0.01,0.001,0.01,0.2,True,320,ModifiedHuberLoss,"{'delta': 0.2, 'factor': 1.0}"
18,Mode.DLMT_DQ_FM,44.258535919189455,3.1509244441986084,-0.7136298343539238,0.7136298343539238,75.609454870224,0.0022812592983245,0.0002470149993896,64,"[32, 32]","[GELU(approximate='none'), GELU(approximate='none')]",0.01,0.001,0.01,0.2,True,291,ModifiedHuberLoss,"{'delta': 0.5, 'factor': 0.5}"
19,Mode.DLMT_DQ_FM,79.02578155517578,2.945984125137329,-16.510233283042908,16.510233283042908,80.2046205997467,0.0022464326620101,0.000245626091957,64,"[32, 32]","[GELU(approximate='none'), GELU(approximate='none')]",0.01,0.001,0.01,0.2,True,310,ModifiedHuberLoss,"{'delta': 0.5, 'factor': 1.0}"
20,Mode.DLMT_DQ_FM,42.53744178771973,4.928883075714111,-13.209089636802672,13.209089636802672,65.4204752445221,0.0023345782756805,0.0002514828443527,64,"[32, 32]","[GELU(approximate='none'), GELU(approximate='none')]",0.01,0.001,0.01,0.5,True,246,ModifiedHuberLoss,"{'delta': 0.2, 'factor': 0.5}"
21,Mode.DLMT_DQ_FM,62.031131744384766,4.195323944091797,-14.46283608675003,14.46283608675003,89.68900060653687,0.0022450209856033,0.0002467933893203,64,"[32, 32]","[GELU(approximate='none'), GELU(approximate='none')]",0.01,0.001,0.01,0.5,True,346,ModifiedHuberLoss,"{'delta': 0.2, 'factor': 1.0}"
22,Mode.DLMT_DQ_FM,85.24828506469727,4.363962173461914,-11.80962771177292,11.80962771177292,45.89044260978699,0.002294640302658,0.0002512706518173,64,"[32, 32]","[GELU(approximate='none'), GELU(approximate='none')]",0.01,0.001,0.01,0.5,True,175,ModifiedHuberLoss,"{'delta': 0.5, 'factor': 0.5}"
23,Mode.DLMT_DQ_FM,176.61677642822266,4.40001916885376,-15.43443202972412,15.43443202972412,49.4332263469696,0.0023195995092391,0.0002520406246185,64,"[32, 32]","[GELU(approximate='none'), GELU(approximate='none')]",0.01,0.001,0.01,0.5,True,187,ModifiedHuberLoss,"{'delta': 0.5, 'factor': 1.0}"
24,Mode.DLMT_DQ_FM,8.248269176483154,2.0670173168182373,1.1503552086651323,1.1503552086651323,71.34943914413452,0.0023040100336074,0.0002512227296829,64,"[32, 32]","[GELU(approximate='none'), GELU(approximate='none')]",0.001,0.01,0.01,0.0,True,278,ModifiedHuberLoss,"{'delta': 0.2, 'factor': 0.5}"
25,Mode.DLMT_DQ_FM,14.682060203552249,1.9652382135391235,8.338190615177155,8.338190615177155,95.24353122711182,0.0022885403633117,0.0002489137649536,64,"[32, 32]","[GELU(approximate='none'), GELU(approximate='none')]",0.001,0.01,0.01,0.0,True,366,ModifiedHuberLoss,"{'delta': 0.2, 'factor': 1.0}"
26,Mode.DLMT_DQ_FM,22.1311557006836,2.20429801940918,-8.078425377607346,8.078425377607346,90.91443157196044,0.002254286289215,0.0002459033727645,64,"[32, 32]","[GELU(approximate='none'), GELU(approximate='none')]",0.001,0.01,0.01,0.0,True,357,ModifiedHuberLoss,"{'delta': 0.5, 'factor': 0.5}"
27,Mode.DLMT_DQ_FM,40.46262214660644,2.0607810020446777,1.2357695028185844,1.2357695028185844,62.25956726074219,0.0023684664964675,0.000260254740715,64,"[32, 32]","[GELU(approximate='none'), GELU(approximate='none')]",0.001,0.01,0.01,0.0,True,239,ModifiedHuberLoss,"{'delta': 0.5, 'factor': 1.0}"
28,Mode.DLMT_DQ_FM,13.718263206481934,2.606022596359253,-11.954906582832336,11.954906582832336,63.922027349472046,0.0023722767829895,0.000261023402214,64,"[32, 32]","[GELU(approximate='none'), GELU(approximate='none')]",0.001,0.01,0.01,0.2,True,244,ModifiedHuberLoss,"{'delta': 0.2, 'factor': 0.5}"
29,Mode.DLMT_DQ_FM,37.13885414123535,3.165066957473755,-13.965529203414915,13.965529203414915,44.64644289016724,0.0022968150377273,0.0002516024112701,64,"[32, 32]","[GELU(approximate='none'), GELU(approximate='none')]",0.001,0.01,0.01,0.2,True,168,ModifiedHuberLoss,"{'delta': 0.2, 'factor': 1.0}"
30,Mode.DLMT_DQ_FM,42.62063461303711,2.9075145721435547,-11.58570945262909,11.58570945262909,77.456059217453,0.0022378289699554,0.0002448418140411,64,"[32, 32]","[GELU(approximate='none'), GELU(approximate='none')]",0.001,0.01,0.01,0.2,True,293,ModifiedHuberLoss,"{'delta': 0.5, 'factor': 0.5}"
31,Mode.DLMT_DQ_FM,79.46679336547851,2.879158973693848,-16.822725534439087,16.822725534439087,63.234368085861206,0.0022434457540512,0.0002450522184371,64,"[32, 32]","[GELU(approximate='none'), GELU(approximate='none')]",0.001,0.01,0.01,0.2,True,243,ModifiedHuberLoss,"{'delta': 0.5, 'factor': 1.0}"
32,Mode.DLMT_DQ_FM,33.541452407836914,4.29461145401001,-11.02672964334488,11.02672964334488,57.53175354003906,0.0023300396203994,0.0002536835670471,64,"[32, 32]","[GELU(approximate='none'), GELU(approximate='none')]",0.001,0.01,0.01,0.5,True,213,ModifiedHuberLoss,"{'delta': 0.2, 'factor': 0.5}"
33,Mode.DLMT_DQ_FM,69.91620452880859,4.510318279266357,-13.018916547298431,13.018916547298431,61.43458890914917,0.0022946552038192,0.0002463517189025,64,"[32, 32]","[GELU(approximate='none'), GELU(approximate='none')]",0.001,0.01,0.01,0.5,True,237,ModifiedHuberLoss,"{'delta': 0.2, 'factor': 1.0}"
34,Mode.DLMT_DQ_FM,80.5387954711914,4.347687244415283,-10.814032703638077,10.814032703638077,76.11181020736694,0.0022524955272674,0.0002474219799041,64,"[32, 32]","[GELU(approximate='none'), GELU(approximate='none')]",0.001,0.01,0.01,0.5,True,293,ModifiedHuberLoss,"{'delta': 0.5, 'factor': 0.5}"
35,Mode.DLMT_DQ_FM,182.9292230224609,4.547835826873779,-13.08419108390808,13.08419108390808,62.566320180892944,0.0023167051076889,0.0002532128095626,64,"[32, 32]","[GELU(approximate='none'), GELU(approximate='none')]",0.001,0.01,0.01,0.5,True,238,ModifiedHuberLoss,"{'delta': 0.5, 'factor': 1.0}"
36,Mode.DLMT_DQ_FM,7.126032047271728,1.913126468658448,-0.9466595016419888,0.9466595016419888,111.67256832122804,0.0023785486221313,0.0002608335018157,64,"[32, 32]","[GELU(approximate='none'), GELU(approximate='none')]",0.001,0.001,0.01,0.0,True,435,ModifiedHuberLoss,"{'delta': 0.2, 'factor': 0.5}"
37,Mode.DLMT_DQ_FM,21.01352542877197,2.362854480743408,3.8845110684633255,3.8845110684633255,65.91061592102051,0.0022507020235061,0.0002444863319396,64,"[32, 32]","[GELU(approximate='none'), GELU(approximate='none')]",0.001,0.001,0.01,0.0,True,258,ModifiedHuberLoss,"{'delta': 0.2, 'factor': 1.0}"
38,Mode.DLMT_DQ_FM,25.98227897644043,2.3699426651000977,-8.542230725288391,8.542230725288391,75.64156174659729,0.0022563551664352,0.000246058344841,64,"[32, 32]","[GELU(approximate='none'), GELU(approximate='none')]",0.001,0.001,0.01,0.0,True,298,ModifiedHuberLoss,"{'delta': 0.5, 'factor': 0.5}"
39,Mode.DLMT_DQ_FM,48.35240966796875,2.257751226425171,-1.321472134441137,1.321472134441137,75.86322355270386,0.0022540303468704,0.000245675086975,64,"[32, 32]","[GELU(approximate='none'), GELU(approximate='none')]",0.001,0.001,0.01,0.0,True,299,ModifiedHuberLoss,"{'delta': 0.5, 'factor': 1.0}"
40,Mode.DLMT_DQ_FM,15.707409553527832,2.828598976135254,-11.354690790176392,11.354690790176392,65.70639419555664,0.0022577605247497,0.0002491106986999,64,"[32, 32]","[GELU(approximate='none'), GELU(approximate='none')]",0.001,0.001,0.01,0.2,True,252,ModifiedHuberLoss,"{'delta': 0.2, 'factor': 0.5}"
41,Mode.DLMT_DQ_FM,31.089795532226564,2.951954364776612,-9.088404476642609,9.088404476642609,67.35654091835022,0.0023189743757247,0.0002535536289215,64,"[32, 32]","[GELU(approximate='none'), GELU(approximate='none')]",0.001,0.001,0.01,0.2,True,258,ModifiedHuberLoss,"{'delta': 0.2, 'factor': 1.0}"
42,Mode.DLMT_DQ_FM,33.63414505004883,2.586616039276123,-3.682548925280571,3.682548925280571,64.34057545661926,0.0022537320852279,0.0002482155561447,64,"[32, 32]","[GELU(approximate='none'), GELU(approximate='none')]",0.001,0.001,0.01,0.2,True,246,ModifiedHuberLoss,"{'delta': 0.5, 'factor': 0.5}"
43,Mode.DLMT_DQ_FM,93.57344970703124,3.2345595359802246,-12.897518277168274,12.897518277168274,81.29087996482849,0.0022434035539627,0.0002470200061798,64,"[32, 32]","[GELU(approximate='none'), GELU(approximate='none')]",0.001,0.001,0.01,0.2,True,312,ModifiedHuberLoss,"{'delta': 0.5, 'factor': 1.0}"
44,Mode.DLMT_DQ_FM,32.4840022277832,4.229696750640869,-15.023067593574524,15.023067593574524,60.86708736419678,0.0022585364580154,0.0002475001811981,64,"[32, 32]","[GELU(approximate='none'), GELU(approximate='none')]",0.001,0.001,0.01,0.5,True,230,ModifiedHuberLoss,"{'delta': 0.2, 'factor': 0.5}"
45,Mode.DLMT_DQ_FM,66.97623001098633,4.370787143707275,-10.5043426156044,10.5043426156044,57.06924891471863,0.0023730424642562,0.0002587943077087,64,"[32, 32]","[GELU(approximate='none'), GELU(approximate='none')]",0.001,0.001,0.01,0.5,True,219,ModifiedHuberLoss,"{'delta': 0.2, 'factor': 1.0}"
46,Mode.DLMT_DQ_FM,90.09958694458008,4.537024021148682,-14.67902958393097,14.67902958393097,51.25861215591431,0.0023001457452774,0.0002476036548614,64,"[32, 32]","[GELU(approximate='none'), GELU(approximate='none')]",0.001,0.001,0.01,0.5,True,196,ModifiedHuberLoss,"{'delta': 0.5, 'factor': 0.5}"
47,Mode.DLMT_DQ_FM,157.22558517456054,4.276676654815674,-13.779576122760773,13.779576122760773,72.22906923294067,0.0022295920848846,0.000246809720993,64,"[32, 32]","[GELU(approximate='none'), GELU(approximate='none')]",0.001,0.001,0.01,0.5,True,277,ModifiedHuberLoss,"{'delta': 0.5, 'factor': 1.0}"
48,Mode.DLMT_DQ_FM,9.386617736816406,2.1868655681610107,1.0708278976380825,1.0708278976380825,82.18031477928162,0.0022637801170349,0.0002487833499908,64,"[64, 64]","[GELU(approximate='none'), GELU(approximate='none')]",0.01,0.01,0.01,0.0,True,319,ModifiedHuberLoss,"{'delta': 0.2, 'factor': 0.5}"
49,Mode.DLMT_DQ_FM,18.77744888305664,2.249335527420044,21.2303563952446,21.2303563952446,86.39773440361023,0.0022761678695678,0.0002495733499526,64,"[64, 64]","[GELU(approximate='none'), GELU(approximate='none')]",0.01,0.01,0.01,0.0,True,332,ModifiedHuberLoss,"{'delta': 0.2, 'factor': 1.0}"
50,Mode.DLMT_DQ_FM,25.437841453552245,2.3348939418792725,9.241395443677902,9.241395443677902,76.57141256332397,0.0022654809951782,0.0002488394975662,64,"[64, 64]","[GELU(approximate='none'), GELU(approximate='none')]",0.01,0.01,0.01,0.0,True,290,ModifiedHuberLoss,"{'delta': 0.5, 'factor': 0.5}"
51,Mode.DLMT_DQ_FM,44.51584968566895,2.145212888717652,-0.2829513512551784,0.2829513512551784,75.6162543296814,0.0023005888462066,0.0002490903139114,64,"[64, 64]","[GELU(approximate='none'), GELU(approximate='none')]",0.01,0.01,0.01,0.0,True,294,ModifiedHuberLoss,"{'delta': 0.5, 'factor': 1.0}"
52,Mode.DLMT_DQ_FM,14.437140121459962,2.828042984008789,-15.957890450954435,15.957890450954435,76.24367809295654,0.0022767162322998,0.0002471424341201,64,"[64, 64]","[GELU(approximate='none'), GELU(approximate='none')]",0.01,0.01,0.01,0.2,True,287,ModifiedHuberLoss,"{'delta': 0.2, 'factor': 0.5}"
53,Mode.DLMT_DQ_FM,21.56549983978272,2.368373155593872,-17.71010458469391,17.71010458469391,64.45216631889343,0.002306020617485,0.0002520891427993,64,"[64, 64]","[GELU(approximate='none'), GELU(approximate='none')]",0.01,0.01,0.01,0.2,True,243,ModifiedHuberLoss,"{'delta': 0.2, 'factor': 1.0}"
54,Mode.DLMT_DQ_FM,23.803367958068847,2.148010015487671,-12.788233160972595,12.788233160972595,77.34461712837219,0.0023307152986526,0.0002559556961059,64,"[64, 64]","[GELU(approximate='none'), GELU(approximate='none')]",0.01,0.01,0.01,0.2,True,292,ModifiedHuberLoss,"{'delta': 0.5, 'factor': 0.5}"
55,Mode.DLMT_DQ_FM,52.20350074768066,2.307619333267212,-12.568484246730804,12.568484246730804,90.43282794952393,0.0024045844078063,0.0002637447118759,64,"[64, 64]","[GELU(approximate='none'), GELU(approximate='none')]",0.01,0.01,0.01,0.2,True,340,ModifiedHuberLoss,"{'delta': 0.5, 'factor': 1.0}"
56,Mode.DLMT_DQ_FM,25.982117080688475,3.728805541992188,-14.565786719322205,14.565786719322205,56.8077085018158,0.0022820504903793,0.0002504111528396,64,"[64, 64]","[GELU(approximate='none'), GELU(approximate='none')]",0.01,0.01,0.01,0.5,True,213,ModifiedHuberLoss,"{'delta': 0.2, 'factor': 0.5}"
57,Mode.DLMT_DQ_FM,44.64345726013184,3.511089324951172,-14.15235847234726,14.15235847234726,56.57480597496033,0.0022920997142791,0.0002499130964279,64,"[64, 64]","[GELU(approximate='none'), GELU(approximate='none')]",0.01,0.01,0.01,0.5,True,212,ModifiedHuberLoss,"{'delta': 0.2, 'factor': 1.0}"
58,Mode.DLMT_DQ_FM,62.86408309936523,3.686201333999634,-13.914278149604796,13.914278149604796,54.13088512420654,0.0022999581098556,0.0002493844032287,64,"[64, 64]","[GELU(approximate='none'), GELU(approximate='none')]",0.01,0.01,0.01,0.5,True,203,ModifiedHuberLoss,"{'delta': 0.5, 'factor': 0.5}"
59,Mode.DLMT_DQ_FM,106.99098937988282,3.48911190032959,-10.789884626865389,10.789884626865389,95.03237462043762,0.0022744332551956,0.0002465393543243,64,"[64, 64]","[GELU(approximate='none'), GELU(approximate='none')]",0.01,0.01,0.01,0.5,True,360,ModifiedHuberLoss,"{'delta': 0.5, 'factor': 1.0}"
60,Mode.DLMT_DQ_FM,9.305401496887209,2.1841728687286377,1.947166956961155,1.947166956961155,81.91708064079285,0.002274003624916,0.0002502055168151,64,"[64, 64]","[GELU(approximate='none'), GELU(approximate='none')]",0.01,0.001,0.01,0.0,True,316,ModifiedHuberLoss,"{'delta': 0.2, 'factor': 0.5}"
61,Mode.DLMT_DQ_FM,21.09865707397461,2.4014315605163574,-9.915079921483994,9.915079921483994,56.34927272796631,0.0022747890949249,0.0002497231960296,64,"[64, 64]","[GELU(approximate='none'), GELU(approximate='none')]",0.01,0.001,0.01,0.0,True,217,ModifiedHuberLoss,"{'delta': 0.2, 'factor': 1.0}"
62,Mode.DLMT_DQ_FM,20.961095886230467,2.0963101387023926,2.0367396995425224,2.0367396995425224,75.01282119750977,0.0022774895429611,0.000249518752098,64,"[64, 64]","[GELU(approximate='none'), GELU(approximate='none')]",0.01,0.001,0.01,0.0,True,289,ModifiedHuberLoss,"{'delta': 0.5, 'factor': 0.5}"
63,Mode.DLMT_DQ_FM,53.225105895996094,2.3849124908447266,3.956921771168709,3.956921771168709,53.90671133995056,0.0022883735895156,0.0002503991127014,64,"[64, 64]","[GELU(approximate='none'), GELU(approximate='none')]",0.01,0.001,0.01,0.0,True,208,ModifiedHuberLoss,"{'delta': 0.5, 'factor': 1.0}"
64,Mode.DLMT_DQ_FM,10.34252851486206,2.288069725036621,-18.96550804376602,18.96550804376602,89.05088329315186,0.0022813304662704,0.0002500474452972,64,"[64, 64]","[GELU(approximate='none'), GELU(approximate='none')]",0.01,0.001,0.01,0.2,True,336,ModifiedHuberLoss,"{'delta': 0.2, 'factor': 0.5}"
65,Mode.DLMT_DQ_FM,21.89157932281494,2.3965017795562744,-16.786210238933563,16.786210238933563,75.65727424621582,0.0022808513641357,0.0002491501569747,64,"[64, 64]","[GELU(approximate='none'), GELU(approximate='none')]",0.01,0.001,0.01,0.2,True,286,ModifiedHuberLoss,"{'delta': 0.2, 'factor': 1.0}"
66,Mode.DLMT_DQ_FM,31.943194961547853,2.612105131149292,-19.75671797990799,19.75671797990799,88.45275902748108,0.0022884323596954,0.0002482826709747,64,"[64, 64]","[GELU(approximate='none'), GELU(approximate='none')]",0.01,0.001,0.01,0.2,True,334,ModifiedHuberLoss,"{'delta': 0.5, 'factor': 0.5}"
67,Mode.DLMT_DQ_FM,48.058965606689455,2.2131710052490234,-8.954323828220367,8.954323828220367,92.62293219566344,0.0023010493516921,0.0002522590160369,64,"[64, 64]","[GELU(approximate='none'), GELU(approximate='none')]",0.01,0.001,0.01,0.2,True,350,ModifiedHuberLoss,"{'delta': 0.5, 'factor': 1.0}"
68,Mode.DLMT_DQ_FM,19.342664260864257,3.248316526412964,-10.64714640378952,10.64714640378952,90.9792218208313,0.0022821679115295,0.0002510515451431,64,"[64, 64]","[GELU(approximate='none'), GELU(approximate='none')]",0.01,0.001,0.01,0.5,True,344,ModifiedHuberLoss,"{'delta': 0.2, 'factor': 0.5}"
69,Mode.DLMT_DQ_FM,34.83241729736328,3.060051441192627,-12.10903748869896,12.10903748869896,105.04436111450195,0.0022766510248184,0.0002503622770309,64,"[64, 64]","[GELU(approximate='none'), GELU(approximate='none')]",0.01,0.001,0.01,0.5,True,396,ModifiedHuberLoss,"{'delta': 0.2, 'factor': 1.0}"
70,Mode.DLMT_DQ_FM,54.16509101867676,3.403320550918579,-14.829277992248535,14.829277992248535,88.09788346290588,0.0022673623561859,0.0002491466999053,64,"[64, 64]","[GELU(approximate='none'), GELU(approximate='none')]",0.01,0.001,0.01,0.5,True,332,ModifiedHuberLoss,"{'delta': 0.5, 'factor': 0.5}"
71,Mode.DLMT_DQ_FM,101.83661239624024,3.285228729248047,-16.467545926570892,16.467545926570892,61.42438268661499,0.002276268005371,0.00024866938591,64,"[64, 64]","[GELU(approximate='none'), GELU(approximate='none')]",0.01,0.001,0.01,0.5,True,232,ModifiedHuberLoss,"{'delta': 0.5, 'factor': 1.0}"
72,Mode.DLMT_DQ_FM,8.940333881378173,2.1325771808624268,-3.811910748481752,3.811910748481752,90.58601021766664,0.0022752563953399,0.0002475353479385,64,"[64, 64]","[GELU(approximate='none'), GELU(approximate='none')]",0.001,0.01,0.01,0.0,True,350,ModifiedHuberLoss,"{'delta': 0.2, 'factor': 0.5}"
73,Mode.DLMT_DQ_FM,22.08544334411621,2.416452407836914,-18.812470138072968,18.812470138072968,75.2362163066864,0.0023270734548568,0.0002494701147079,64,"[64, 64]","[GELU(approximate='none'), GELU(approximate='none')]",0.001,0.01,0.01,0.0,True,291,ModifiedHuberLoss,"{'delta': 0.2, 'factor': 1.0}"
74,Mode.DLMT_DQ_FM,25.424144515991213,2.319886922836304,10.406582057476044,10.406582057476044,60.62531113624573,0.0022600353956222,0.0002486399412155,64,"[64, 64]","[GELU(approximate='none'), GELU(approximate='none')]",0.001,0.01,0.01,0.0,True,236,ModifiedHuberLoss,"{'delta': 0.5, 'factor': 0.5}"
75,Mode.DLMT_DQ_FM,44.01738212585449,2.172259330749512,-1.1431333608925345,1.1431333608925345,87.25448107719421,0.0023216595649719,0.0002545412778854,64,"[64, 64]","[GELU(approximate='none'), GELU(approximate='none')]",0.001,0.01,0.01,0.0,True,330,ModifiedHuberLoss,"{'delta': 0.5, 'factor': 1.0}"
76,Mode.DLMT_DQ_FM,11.691838493347168,2.4197256565093994,-14.211641252040865,14.211641252040865,74.07453918457031,0.0022734453678131,0.0002494792938232,64,"[64, 64]","[GELU(approximate='none'), GELU(approximate='none')]",0.001,0.01,0.01,0.2,True,278,ModifiedHuberLoss,"{'delta': 0.2, 'factor': 0.5}"
77,Mode.DLMT_DQ_FM,23.874615058898925,2.413546562194824,-16.685612499713898,16.685612499713898,65.32258534431458,0.0022716691493988,0.000249184012413,64,"[64, 64]","[GELU(approximate='none'), GELU(approximate='none')]",0.001,0.01,0.01,0.2,True,244,ModifiedHuberLoss,"{'delta': 0.2, 'factor': 1.0}"
78,Mode.DLMT_DQ_FM,28.54792484283448,2.360774278640747,-11.74595057964325,11.74595057964325,59.82779264450073,0.0023326671123504,0.000254276394844,64,"[64, 64]","[GELU(approximate='none'), GELU(approximate='none')]",0.001,0.01,0.01,0.2,True,225,ModifiedHuberLoss,"{'delta': 0.5, 'factor': 0.5}"
79,Mode.DLMT_DQ_FM,61.76766632080078,2.5924782752990723,-15.186052024364471,15.186052024364471,100.19713282585144,0.0023695347309112,0.0002569096088409,64,"[64, 64]","[GELU(approximate='none'), GELU(approximate='none')]",0.001,0.01,0.01,0.2,True,373,ModifiedHuberLoss,"{'delta': 0.5, 'factor': 1.0}"
80,Mode.DLMT_DQ_FM,27.159022445678712,3.776755571365357,-17.211617529392242,17.211617529392242,64.24189639091492,0.00231321144104,0.0002530145645141,64,"[64, 64]","[GELU(approximate='none'), GELU(approximate='none')]",0.001,0.01,0.01,0.5,True,236,ModifiedHuberLoss,"{'delta': 0.2, 'factor': 0.5}"
81,Mode.DLMT_DQ_FM,39.291953125,3.3111979961395264,-7.872086763381958,7.872086763381958,80.14023065567017,0.0022770102024078,0.0002496727705001,64,"[64, 64]","[GELU(approximate='none'), GELU(approximate='none')]",0.001,0.01,0.01,0.5,True,299,ModifiedHuberLoss,"{'delta': 0.2, 'factor': 1.0}"
82,Mode.DLMT_DQ_FM,60.553988494873046,3.63820481300354,-13.576307892799376,13.576307892799376,90.8951222896576,0.0022762336730957,0.0002497843503952,64,"[64, 64]","[GELU(approximate='none'), GELU(approximate='none')]",0.001,0.01,0.01,0.5,True,340,ModifiedHuberLoss,"{'delta': 0.5, 'factor': 0.5}"
83,Mode.DLMT_DQ_FM,108.80511322021484,3.33906364440918,-14.984621107578278,14.984621107578278,53.83066940307617,0.0022853145599365,0.0002497293949127,64,"[64, 64]","[GELU(approximate='none'), GELU(approximate='none')]",0.001,0.01,0.01,0.5,True,203,ModifiedHuberLoss,"{'delta': 0.5, 'factor': 1.0}"
84,Mode.DLMT_DQ_FM,8.51537628173828,2.106498956680298,6.839117407798767,6.839117407798767,73.91238641738892,0.0022740378379821,0.0002484718561172,64,"[64, 64]","[GELU(approximate='none'), GELU(approximate='none')]",0.001,0.001,0.01,0.0,True,286,ModifiedHuberLoss,"{'delta': 0.2, 'factor': 0.5}"
85,Mode.DLMT_DQ_FM,24.83997043609619,2.7264015674591064,-9.25050675868988,9.25050675868988,97.67171621322632,0.0022972279787063,0.0002486419677734,64,"[64, 64]","[GELU(approximate='none'), GELU(approximate='none')]",0.001,0.001,0.01,0.0,True,380,ModifiedHuberLoss,"{'delta': 0.2, 'factor': 1.0}"
86,Mode.DLMT_DQ_FM,24.79772911071777,2.3270750045776367,16.835162043571472,16.835162043571472,55.32883310317993,0.0022707189321517,0.0002467881441116,64,"[64, 64]","[GELU(approximate='none'), GELU(approximate='none')]",0.001,0.001,0.01,0.0,True,213,ModifiedHuberLoss,"{'delta': 0.5, 'factor': 0.5}"
87,Mode.DLMT_DQ_FM,38.60204643249512,2.076162576675415,-13.06026577949524,13.06026577949524,93.03051161766052,0.0023190511465072,0.0002527523040771,64,"[64, 64]","[GELU(approximate='none'), GELU(approximate='none')]",0.001,0.001,0.01,0.0,True,359,ModifiedHuberLoss,"{'delta': 0.5, 'factor': 1.0}"
88,Mode.DLMT_DQ_FM,14.82307451248169,2.9030966758728027,-15.483902394771576,15.483902394771576,61.16089510917664,0.0024022452831268,0.0002613769769668,64,"[64, 64]","[GELU(approximate='none'), GELU(approximate='none')]",0.001,0.001,0.01,0.2,True,228,ModifiedHuberLoss,"{'delta': 0.2, 'factor': 0.5}"
89,Mode.DLMT_DQ_FM,23.59179012298584,2.4891915321350098,-14.481587707996368,14.481587707996368,71.08656859397888,0.0022863351106643,0.0002499607801437,64,"[64, 64]","[GELU(approximate='none'), GELU(approximate='none')]",0.001,0.001,0.01,0.2,True,265,ModifiedHuberLoss,"{'delta': 0.2, 'factor': 1.0}"
90,Mode.DLMT_DQ_FM,30.01192741394043,2.5144858360290527,-15.305407345294952,15.305407345294952,63.829633951187134,0.0022924380302429,0.0002505803108215,64,"[64, 64]","[GELU(approximate='none'), GELU(approximate='none')]",0.001,0.001,0.01,0.2,True,237,ModifiedHuberLoss,"{'delta': 0.5, 'factor': 0.5}"
91,Mode.DLMT_DQ_FM,59.64934455871582,2.472331285476685,-9.772662818431854,9.772662818431854,66.50047564506531,0.0023358641862869,0.0002553104162216,64,"[64, 64]","[GELU(approximate='none'), GELU(approximate='none')]",0.001,0.001,0.01,0.2,True,249,ModifiedHuberLoss,"{'delta': 0.5, 'factor': 1.0}"
92,Mode.DLMT_DQ_FM,21.28575481414795,3.445495128631592,-9.148743748664856,9.148743748664856,75.10712695121765,0.0023613820075988,0.0002572127580642,64,"[64, 64]","[GELU(approximate='none'), GELU(approximate='none')]",0.001,0.001,0.01,0.5,True,283,ModifiedHuberLoss,"{'delta': 0.2, 'factor': 0.5}"
93,Mode.DLMT_DQ_FM,42.57328216552735,3.352572202682495,-14.118681848049164,14.118681848049164,61.8925416469574,0.0023336572647094,0.0002543765306472,64,"[64, 64]","[GELU(approximate='none'), GELU(approximate='none')]",0.001,0.001,0.01,0.5,True,231,ModifiedHuberLoss,"{'delta': 0.2, 'factor': 1.0}"
94,Mode.DLMT_DQ_FM,55.903794555664064,3.4560351371765137,-12.519441545009611,12.519441545009611,68.61170244216919,0.0022804293632507,0.0002498805522918,64,"[64, 64]","[GELU(approximate='none'), GELU(approximate='none')]",0.001,0.001,0.01,0.5,True,257,ModifiedHuberLoss,"{'delta': 0.5, 'factor': 0.5}"
95,Mode.DLMT_DQ_FM,106.11215927124024,3.3678104877471924,-9.964638948440552,9.964638948440552,65.32903504371643,0.002270229935646,0.0002494220733642,64,"[64, 64]","[GELU(approximate='none'), GELU(approximate='none')]",0.001,0.001,0.01,0.5,True,244,ModifiedHuberLoss,"{'delta': 0.5, 'factor': 1.0}"
96,Mode.DLMT_DQ_FM,10.31873016357422,2.339845657348633,18.05769354104996,18.05769354104996,94.6551389694214,0.0023576415777206,0.0002529300451278,64,"[128, 128]","[GELU(approximate='none'), GELU(approximate='none')]",0.01,0.01,0.01,0.0,True,354,ModifiedHuberLoss,"{'delta': 0.2, 'factor': 0.5}"
97,Mode.DLMT_DQ_FM,18.67326488494873,2.197082996368408,-3.123926743865013,3.123926743865013,65.27674293518066,0.0023831428289413,0.0002548229694366,64,"[128, 128]","[GELU(approximate='none'), GELU(approximate='none')]",0.01,0.01,0.01,0.0,True,245,ModifiedHuberLoss,"{'delta': 0.2, 'factor': 1.0}"
98,Mode.DLMT_DQ_FM,19.842360229492183,2.0040740966796875,0.3068754449486732,0.3068754449486732,98.76217246055604,0.0024352596998214,0.000262594461441,64,"[128, 128]","[GELU(approximate='none'), GELU(approximate='none')]",0.01,0.01,0.01,0.0,True,366,ModifiedHuberLoss,"{'delta': 0.5, 'factor': 0.5}"
99,Mode.DLMT_DQ_FM,46.91089332580567,2.257375717163086,3.839326649904251,3.839326649904251,81.6070168018341,0.0023372293710708,0.0002499278783798,64,"[128, 128]","[GELU(approximate='none'), GELU(approximate='none')]",0.01,0.01,0.01,0.0,True,298,ModifiedHuberLoss,"{'delta': 0.5, 'factor': 1.0}"
100,Mode.DLMT_DQ_FM,9.416434745788576,2.115283489227295,-14.172668755054474,14.172668755054474,81.43761372566223,0.0025593942403793,0.0002674217224121,64,"[128, 128]","[GELU(approximate='none'), GELU(approximate='none')]",0.01,0.01,0.01,0.2,True,294,ModifiedHuberLoss,"{'delta': 0.2, 'factor': 0.5}"
101,Mode.DLMT_DQ_FM,19.77473209381104,2.302535057067871,-11.969436705112455,11.969436705112455,75.32917666435242,0.0023294275999069,0.000252504825592,64,"[128, 128]","[GELU(approximate='none'), GELU(approximate='none')]",0.01,0.01,0.01,0.2,True,274,ModifiedHuberLoss,"{'delta': 0.2, 'factor': 1.0}"
102,Mode.DLMT_DQ_FM,27.45154167175293,2.4480180740356445,-17.206695675849915,17.206695675849915,78.99541807174683,0.0023314286470413,0.0002525318861007,64,"[128, 128]","[GELU(approximate='none'), GELU(approximate='none')]",0.01,0.01,0.01,0.2,True,285,ModifiedHuberLoss,"{'delta': 0.5, 'factor': 0.5}"
103,Mode.DLMT_DQ_FM,43.26371589660644,2.0703611373901367,-5.826904252171516,5.826904252171516,92.0219588279724,0.0023379573822021,0.0002525389194488,64,"[128, 128]","[GELU(approximate='none'), GELU(approximate='none')]",0.01,0.01,0.01,0.2,True,329,ModifiedHuberLoss,"{'delta': 0.5, 'factor': 1.0}"
104,Mode.DLMT_DQ_FM,13.635291137695312,2.5952813625335693,-9.494336694478989,9.494336694478989,71.45331978797913,0.0023344066143035,0.0002515567541122,64,"[128, 128]","[GELU(approximate='none'), GELU(approximate='none')]",0.01,0.01,0.01,0.5,True,256,ModifiedHuberLoss,"{'delta': 0.2, 'factor': 0.5}"
105,Mode.DLMT_DQ_FM,27.65382781982422,2.679297924041748,-1.0317783802747726,1.0317783802747726,86.02802085876465,0.0024676436185836,0.000265258193016,64,"[128, 128]","[GELU(approximate='none'), GELU(approximate='none')]",0.01,0.01,0.01,0.5,True,308,ModifiedHuberLoss,"{'delta': 0.2, 'factor': 1.0}"
106,Mode.DLMT_DQ_FM,35.4963166809082,2.738742589950561,-9.74036157131195,9.74036157131195,90.30864477157591,0.0023892849683761,0.0002554994821548,64,"[128, 128]","[GELU(approximate='none'), GELU(approximate='none')]",0.01,0.01,0.01,0.5,True,327,ModifiedHuberLoss,"{'delta': 0.5, 'factor': 0.5}"
107,Mode.DLMT_DQ_FM,61.74877990722656,2.4955873489379883,-6.732533872127533,6.732533872127533,88.33103966712952,0.0024041165113449,0.000259889960289,64,"[128, 128]","[GELU(approximate='none'), GELU(approximate='none')]",0.01,0.01,0.01,0.5,True,322,ModifiedHuberLoss,"{'delta': 0.5, 'factor': 1.0}"
108,Mode.DLMT_DQ_FM,10.327597904205325,2.299820899963379,4.832592606544495,4.832592606544495,71.54317116737366,0.0023332380056381,0.0002521591186523,64,"[128, 128]","[GELU(approximate='none'), GELU(approximate='none')]",0.01,0.001,0.01,0.0,True,266,ModifiedHuberLoss,"{'delta': 0.2, 'factor': 0.5}"
109,Mode.DLMT_DQ_FM,17.620114364624023,2.11409592628479,7.83567801117897,7.83567801117897,86.27347159385681,0.0024036959409713,0.000259309053421,64,"[128, 128]","[GELU(approximate='none'), GELU(approximate='none')]",0.01,0.001,0.01,0.0,True,318,ModifiedHuberLoss,"{'delta': 0.2, 'factor': 1.0}"
110,Mode.DLMT_DQ_FM,21.38037551879883,2.053322553634644,8.969282358884811,8.969282358884811,52.4101927280426,0.0023911542892456,0.0002581574916839,64,"[128, 128]","[GELU(approximate='none'), GELU(approximate='none')]",0.01,0.001,0.01,0.0,True,193,ModifiedHuberLoss,"{'delta': 0.5, 'factor': 0.5}"
111,Mode.DLMT_DQ_FM,39.0934309387207,2.055652379989624,-4.934563115239143,4.934563115239143,96.72201919555664,0.0024692126512527,0.0002643259763717,64,"[128, 128]","[GELU(approximate='none'), GELU(approximate='none')]",0.01,0.001,0.01,0.0,True,354,ModifiedHuberLoss,"{'delta': 0.5, 'factor': 1.0}"
112,Mode.DLMT_DQ_FM,10.452784519195555,2.3374297618865967,-19.52650398015976,19.52650398015976,75.20014023780823,0.0023332288265228,0.0002509844303131,64,"[128, 128]","[GELU(approximate='none'), GELU(approximate='none')]",0.01,0.001,0.01,0.2,True,272,ModifiedHuberLoss,"{'delta': 0.2, 'factor': 0.5}"
113,Mode.DLMT_DQ_FM,15.129083557128906,1.947050929069519,-15.891726315021517,15.891726315021517,103.03655529022215,0.0023812733888626,0.0002546726465225,64,"[128, 128]","[GELU(approximate='none'), GELU(approximate='none')]",0.01,0.001,0.01,0.2,True,368,ModifiedHuberLoss,"{'delta': 0.2, 'factor': 1.0}"
114,Mode.DLMT_DQ_FM,21.947776756286625,2.0558342933654785,-10.435382276773453,10.435382276773453,89.10639095306396,0.0023291860818862,0.000252837061882,64,"[128, 128]","[GELU(approximate='none'), GELU(approximate='none')]",0.01,0.001,0.01,0.2,True,325,ModifiedHuberLoss,"{'delta': 0.5, 'factor': 0.5}"
115,Mode.DLMT_DQ_FM,47.24778060913086,2.1737539768218994,-10.110782831907272,10.110782831907272,82.46288704872131,0.0023638674020767,0.0002558282613754,64,"[128, 128]","[GELU(approximate='none'), GELU(approximate='none')]",0.01,0.001,0.01,0.2,True,292,ModifiedHuberLoss,"{'delta': 0.5, 'factor': 1.0}"
116,Mode.DLMT_DQ_FM,13.418919582366945,2.598395109176636,-6.432515382766724,6.432515382766724,64.07440948486328,0.0024378366470336,0.0002629880905151,64,"[128, 128]","[GELU(approximate='none'), GELU(approximate='none')]",0.01,0.001,0.01,0.5,True,228,ModifiedHuberLoss,"{'delta': 0.2, 'factor': 0.5}"
117,Mode.DLMT_DQ_FM,26.386347274780277,2.583740711212158,-8.870383352041245,8.870383352041245,71.53153467178345,0.0023746138811111,0.0002559570074081,64,"[128, 128]","[GELU(approximate='none'), GELU(approximate='none')]",0.01,0.001,0.01,0.5,True,254,ModifiedHuberLoss,"{'delta': 0.2, 'factor': 1.0}"
118,Mode.DLMT_DQ_FM,38.526078376770016,2.810528516769409,-9.767386317253113,9.767386317253113,98.84528517723083,0.0023351317644119,0.0002510586977005,64,"[128, 128]","[GELU(approximate='none'), GELU(approximate='none')]",0.01,0.001,0.01,0.5,True,353,ModifiedHuberLoss,"{'delta': 0.5, 'factor': 0.5}"
119,Mode.DLMT_DQ_FM,66.71295532226563,2.631887435913086,-8.768200129270554,8.768200129270554,62.48772168159485,0.0023306816816329,0.0002513607740402,64,"[128, 128]","[GELU(approximate='none'), GELU(approximate='none')]",0.01,0.001,0.01,0.5,True,227,ModifiedHuberLoss,"{'delta': 0.5, 'factor': 1.0}"
120,Mode.DLMT_DQ_FM,9.661527805328369,2.154567003250122,-4.233334958553314,4.233334958553314,78.16146326065063,0.002341735124588,0.0002505285739898,64,"[128, 128]","[GELU(approximate='none'), GELU(approximate='none')]",0.001,0.01,0.01,0.0,True,290,ModifiedHuberLoss,"{'delta': 0.2, 'factor': 0.5}"
121,Mode.DLMT_DQ_FM,20.196994400024412,2.339012622833252,-5.786425247788429,5.786425247788429,65.61627745628357,0.00242484998703,0.0002618651390075,64,"[128, 128]","[GELU(approximate='none'), GELU(approximate='none')]",0.001,0.01,0.01,0.0,True,241,ModifiedHuberLoss,"{'delta': 0.2, 'factor': 1.0}"
122,Mode.DLMT_DQ_FM,23.292649574279785,2.2374184131622314,15.364231169223784,15.364231169223784,59.0249125957489,0.0023568631410598,0.0002543578147888,64,"[128, 128]","[GELU(approximate='none'), GELU(approximate='none')]",0.001,0.01,0.01,0.0,True,214,ModifiedHuberLoss,"{'delta': 0.5, 'factor': 0.5}"
123,Mode.DLMT_DQ_FM,41.79273822784424,2.041161060333252,3.611451759934426,3.611451759934426,79.68275380134583,0.0023359758853912,0.0002516905069351,64,"[128, 128]","[GELU(approximate='none'), GELU(approximate='none')]",0.001,0.01,0.01,0.0,True,293,ModifiedHuberLoss,"{'delta': 0.5, 'factor': 1.0}"
124,Mode.DLMT_DQ_FM,10.304827423095704,2.3293609619140625,-10.111840814352036,10.111840814352036,67.349538564682,0.0023319424390792,0.0002522685527801,64,"[128, 128]","[GELU(approximate='none'), GELU(approximate='none')]",0.001,0.01,0.01,0.2,True,245,ModifiedHuberLoss,"{'delta': 0.2, 'factor': 0.5}"
125,Mode.DLMT_DQ_FM,19.314330368041997,2.2433083057403564,-14.78726863861084,14.78726863861084,63.67114853858948,0.0023631697893142,0.0002539732456207,64,"[128, 128]","[GELU(approximate='none'), GELU(approximate='none')]",0.001,0.01,0.01,0.2,True,231,ModifiedHuberLoss,"{'delta': 0.2, 'factor': 1.0}"
126,Mode.DLMT_DQ_FM,20.66241397857666,2.1370959281921387,-20.75193077325821,20.75193077325821,88.05109763145447,0.0023692466020584,0.0002535135746002,64,"[128, 128]","[GELU(approximate='none'), GELU(approximate='none')]",0.001,0.01,0.01,0.2,True,322,ModifiedHuberLoss,"{'delta': 0.5, 'factor': 0.5}"
127,Mode.DLMT_DQ_FM,43.50571296691894,2.060744524002075,-13.263636827468872,13.263636827468872,92.57073998451231,0.0023335040807723,0.0002497586011886,64,"[128, 128]","[GELU(approximate='none'), GELU(approximate='none')]",0.001,0.01,0.01,0.2,True,339,ModifiedHuberLoss,"{'delta': 0.5, 'factor': 1.0}"
128,Mode.DLMT_DQ_FM,13.301279029846192,2.5685629844665527,-9.233026951551436,9.233026951551436,70.48124527931213,0.0023157341480255,0.0002516076564788,64,"[128, 128]","[GELU(approximate='none'), GELU(approximate='none')]",0.001,0.01,0.01,0.5,True,258,ModifiedHuberLoss,"{'delta': 0.2, 'factor': 0.5}"
129,Mode.DLMT_DQ_FM,26.11747592926025,2.596325397491455,-8.684570342302322,8.684570342302322,94.7284858226776,0.0023202574253082,0.0002515416145324,64,"[128, 128]","[GELU(approximate='none'), GELU(approximate='none')]",0.001,0.01,0.01,0.5,True,347,ModifiedHuberLoss,"{'delta': 0.2, 'factor': 1.0}"
130,Mode.DLMT_DQ_FM,34.65931533813477,2.602465867996216,-6.3797712326049805,6.3797712326049805,87.69651103019714,0.0023385388851165,0.0002528429031372,64,"[128, 128]","[GELU(approximate='none'), GELU(approximate='none')]",0.001,0.01,0.01,0.5,True,318,ModifiedHuberLoss,"{'delta': 0.5, 'factor': 0.5}"
131,Mode.DLMT_DQ_FM,77.53977371215821,2.8716237545013428,-9.614217281341553,9.614217281341553,77.7628824710846,0.0023954895734786,0.0002581087350845,64,"[128, 128]","[GELU(approximate='none'), GELU(approximate='none')]",0.001,0.01,0.01,0.5,True,280,ModifiedHuberLoss,"{'delta': 0.5, 'factor': 1.0}"
132,Mode.DLMT_DQ_FM,9.00475856781006,2.1354496479034424,10.756304115056992,10.756304115056992,91.95988273620604,0.0023689789772033,0.0002552423477172,64,"[128, 128]","[GELU(approximate='none'), GELU(approximate='none')]",0.001,0.001,0.01,0.0,True,344,ModifiedHuberLoss,"{'delta': 0.2, 'factor': 0.5}"
133,Mode.DLMT_DQ_FM,17.584498138427733,2.1701769828796387,0.6788753904402256,0.6788753904402256,75.45857071876526,0.0023876085281372,0.0002567012310028,64,"[128, 128]","[GELU(approximate='none'), GELU(approximate='none')]",0.001,0.001,0.01,0.0,True,281,ModifiedHuberLoss,"{'delta': 0.2, 'factor': 1.0}"
134,Mode.DLMT_DQ_FM,21.45649570465088,2.070180654525757,-10.408584028482435,10.408584028482435,65.4063572883606,0.0023342525959014,0.0002497389316558,64,"[128, 128]","[GELU(approximate='none'), GELU(approximate='none')]",0.001,0.001,0.01,0.0,True,245,ModifiedHuberLoss,"{'delta': 0.5, 'factor': 0.5}"
135,Mode.DLMT_DQ_FM,51.164447708129885,2.326179265975952,2.4037420749664307,2.4037420749664307,69.34366869926453,0.0023572566509246,0.0002549301385879,64,"[128, 128]","[GELU(approximate='none'), GELU(approximate='none')]",0.001,0.001,0.01,0.0,True,255,ModifiedHuberLoss,"{'delta': 0.5, 'factor': 1.0}"
136,Mode.DLMT_DQ_FM,11.551841106414797,2.5099146366119385,-7.175212353467941,7.175212353467941,84.579017162323,0.0023316466808319,0.0002523196935653,64,"[128, 128]","[GELU(approximate='none'), GELU(approximate='none')]",0.001,0.001,0.01,0.2,True,307,ModifiedHuberLoss,"{'delta': 0.2, 'factor': 0.5}"
137,Mode.DLMT_DQ_FM,21.083417205810548,2.411698579788208,-9.265288710594175,9.265288710594175,74.45171308517456,0.0023427555561065,0.0002535227537155,64,"[128, 128]","[GELU(approximate='none'), GELU(approximate='none')]",0.001,0.001,0.01,0.2,True,269,ModifiedHuberLoss,"{'delta': 0.2, 'factor': 1.0}"
138,Mode.DLMT_DQ_FM,24.713218994140625,2.2772819995880127,-9.183919429779053,9.183919429779053,81.9666497707367,0.0023976188898086,0.0002581714391708,64,"[128, 128]","[GELU(approximate='none'), GELU(approximate='none')]",0.001,0.001,0.01,0.2,True,297,ModifiedHuberLoss,"{'delta': 0.5, 'factor': 0.5}"
139,Mode.DLMT_DQ_FM,43.85428405761719,2.08724308013916,-8.340007066726685,8.340007066726685,75.49451041221619,0.0023888478279113,0.0002571258544921,64,"[128, 128]","[GELU(approximate='none'), GELU(approximate='none')]",0.001,0.001,0.01,0.2,True,271,ModifiedHuberLoss,"{'delta': 0.5, 'factor': 1.0}"
140,Mode.DLMT_DQ_FM,15.16498935699463,2.8506109714508057,-4.24388125538826,4.24388125538826,74.78036427497864,0.0023339011669158,0.0002511212825775,64,"[128, 128]","[GELU(approximate='none'), GELU(approximate='none')]",0.001,0.001,0.01,0.5,True,270,ModifiedHuberLoss,"{'delta': 0.2, 'factor': 0.5}"
141,Mode.DLMT_DQ_FM,29.728748397827147,2.834484100341797,-11.209221929311752,11.209221929311752,68.03295969963074,0.0023828316926956,0.0002493985891342,64,"[128, 128]","[GELU(approximate='none'), GELU(approximate='none')]",0.001,0.001,0.01,0.5,True,244,ModifiedHuberLoss,"{'delta': 0.2, 'factor': 1.0}"
142,Mode.DLMT_DQ_FM,36.97050216674805,2.7061238288879395,-10.201683640480042,10.201683640480042,65.53232669830322,0.0023172254562377,0.0002515351772308,64,"[128, 128]","[GELU(approximate='none'), GELU(approximate='none')]",0.001,0.001,0.01,0.5,True,238,ModifiedHuberLoss,"{'delta': 0.5, 'factor': 0.5}"
143,Mode.DLMT_DQ_FM,65.8971044921875,2.6106481552124023,-8.812995254993439,8.812995254993439,97.09835577011108,0.0023363850116729,0.000253491282463,64,"[128, 128]","[GELU(approximate='none'), GELU(approximate='none')]",0.001,0.001,0.01,0.5,True,352,ModifiedHuberLoss,"{'delta': 0.5, 'factor': 1.0}"
144,Mode.DLMT_DQ_FM,11.762586097717286,2.532593011856079,-2.4924324825406075,2.4924324825406075,94.06056237220764,0.0025334227085113,0.0002614265680313,64,"[256, 256]","[GELU(approximate='none'), GELU(approximate='none')]",0.01,0.01,0.01,0.0,True,324,ModifiedHuberLoss,"{'delta': 0.2, 'factor': 0.5}"
145,Mode.DLMT_DQ_FM,19.13932823181152,2.247385740280152,-6.425277143716812,6.425277143716812,75.0851993560791,0.0025351040363311,0.0002663022279739,64,"[256, 256]","[GELU(approximate='none'), GELU(approximate='none')]",0.01,0.01,0.01,0.0,True,259,ModifiedHuberLoss,"{'delta': 0.2, 'factor': 1.0}"
146,Mode.DLMT_DQ_FM,24.071700401306156,2.170002222061157,-2.1956002339720726,2.1956002339720726,79.60094738006592,0.0026952502727508,0.0002671300172805,64,"[256, 256]","[GELU(approximate='none'), GELU(approximate='none')]",0.01,0.01,0.01,0.0,True,274,ModifiedHuberLoss,"{'delta': 0.5, 'factor': 0.5}"
147,Mode.DLMT_DQ_FM,48.35616233825684,2.2083466053009038,0.8544451557099819,0.8544451557099819,98.7188549041748,0.0025294828414916,0.0002645171880722,64,"[256, 256]","[GELU(approximate='none'), GELU(approximate='none')]",0.01,0.01,0.01,0.0,True,339,ModifiedHuberLoss,"{'delta': 0.5, 'factor': 1.0}"
148,Mode.DLMT_DQ_FM,8.917337532043456,2.1270182132720947,-8.084824681282043,8.084824681282043,81.58645009994507,0.0027043467760086,0.0002673705816268,64,"[256, 256]","[GELU(approximate='none'), GELU(approximate='none')]",0.01,0.01,0.01,0.2,True,271,ModifiedHuberLoss,"{'delta': 0.2, 'factor': 0.5}"
149,Mode.DLMT_DQ_FM,17.04602331161499,2.0559959411621094,-8.483191579580307,8.483191579580307,83.11089158058167,0.0025235757827758,0.0002595125436782,64,"[256, 256]","[GELU(approximate='none'), GELU(approximate='none')]",0.01,0.01,0.01,0.2,True,281,ModifiedHuberLoss,"{'delta': 0.2, 'factor': 1.0}"
150,Mode.DLMT_DQ_FM,22.45148647308349,2.1231656074523926,-8.605146408081055,8.605146408081055,60.70410203933716,0.0026400914192199,0.0002637964487075,64,"[256, 256]","[GELU(approximate='none'), GELU(approximate='none')]",0.01,0.01,0.01,0.2,True,204,ModifiedHuberLoss,"{'delta': 0.5, 'factor': 0.5}"
151,Mode.DLMT_DQ_FM,40.92503578186035,2.070106506347656,-13.265162706375122,13.265162706375122,102.51630163192748,0.0025151940584182,0.0002583243846893,64,"[256, 256]","[GELU(approximate='none'), GELU(approximate='none')]",0.01,0.01,0.01,0.2,True,344,ModifiedHuberLoss,"{'delta': 0.5, 'factor': 1.0}"
152,Mode.DLMT_DQ_FM,10.912904167175292,2.3445820808410645,-13.415394723415377,13.415394723415377,102.91668891906738,0.0025945049524307,0.0002610875368118,64,"[256, 256]","[GELU(approximate='none'), GELU(approximate='none')]",0.01,0.01,0.01,0.5,True,346,ModifiedHuberLoss,"{'delta': 0.2, 'factor': 0.5}"
153,Mode.DLMT_DQ_FM,18.42986026763916,2.1653850078582764,-13.12178522348404,13.12178522348404,93.03260278701782,0.0025316251516342,0.0002655099630355,64,"[256, 256]","[GELU(approximate='none'), GELU(approximate='none')]",0.01,0.01,0.01,0.5,True,311,ModifiedHuberLoss,"{'delta': 0.2, 'factor': 1.0}"
154,Mode.DLMT_DQ_FM,25.886973037719727,2.2181527614593506,-11.06737107038498,11.06737107038498,84.64893054962158,0.0026906259059906,0.0002653087377548,64,"[256, 256]","[GELU(approximate='none'), GELU(approximate='none')]",0.01,0.01,0.01,0.5,True,286,ModifiedHuberLoss,"{'delta': 0.5, 'factor': 0.5}"
155,Mode.DLMT_DQ_FM,59.85591339111328,2.5544352531433105,-14.072315394878387,14.072315394878387,54.66178679466248,0.0026665929555892,0.0002816103696823,64,"[256, 256]","[GELU(approximate='none'), GELU(approximate='none')]",0.01,0.01,0.01,0.5,True,178,ModifiedHuberLoss,"{'delta': 0.5, 'factor': 1.0}"
156,Mode.DLMT_DQ_FM,9.357466144561768,2.1465859413146973,2.6546621695160866,2.6546621695160866,53.33575224876404,0.0025259407758712,0.000260309100151,64,"[256, 256]","[GELU(approximate='none'), GELU(approximate='none')]",0.01,0.001,0.01,0.0,True,186,ModifiedHuberLoss,"{'delta': 0.2, 'factor': 0.5}"
157,Mode.DLMT_DQ_FM,18.817617454528808,2.208038091659546,-6.9472335278987885,6.9472335278987885,99.66735982894896,0.0025471633672714,0.0002613676786422,64,"[256, 256]","[GELU(approximate='none'), GELU(approximate='none')]",0.01,0.001,0.01,0.0,True,350,ModifiedHuberLoss,"{'delta': 0.2, 'factor': 1.0}"
158,Mode.DLMT_DQ_FM,23.503241958618165,2.156404972076416,1.8944298848509789,1.8944298848509789,86.85110116004944,0.0025984570980072,0.0002732996940612,64,"[256, 256]","[GELU(approximate='none'), GELU(approximate='none')]",0.01,0.001,0.01,0.0,True,299,ModifiedHuberLoss,"{'delta': 0.5, 'factor': 0.5}"
159,Mode.DLMT_DQ_FM,44.872601165771485,2.184802293777466,7.101483643054962,7.101483643054962,53.536492347717285,0.0025423618555068,0.00026711332798,64,"[256, 256]","[GELU(approximate='none'), GELU(approximate='none')]",0.01,0.001,0.01,0.0,True,184,ModifiedHuberLoss,"{'delta': 0.5, 'factor': 1.0}"
160,Mode.DLMT_DQ_FM,9.349310665130616,2.172761917114258,-8.42408761382103,8.42408761382103,64.6462197303772,0.0025150551795959,0.0002590613365173,64,"[256, 256]","[GELU(approximate='none'), GELU(approximate='none')]",0.01,0.001,0.01,0.2,True,215,ModifiedHuberLoss,"{'delta': 0.2, 'factor': 0.5}"
161,Mode.DLMT_DQ_FM,16.93348445892334,2.045764446258545,-14.563333988189695,14.563333988189695,89.68798875808716,0.0025510265827178,0.000259987950325,64,"[256, 256]","[GELU(approximate='none'), GELU(approximate='none')]",0.01,0.001,0.01,0.2,True,300,ModifiedHuberLoss,"{'delta': 0.2, 'factor': 1.0}"
162,Mode.DLMT_DQ_FM,21.192971572875976,2.050891160964966,-2.1586544811725616,2.1586544811725616,93.13157653808594,0.0025263909101486,0.0002653921842575,64,"[256, 256]","[GELU(approximate='none'), GELU(approximate='none')]",0.01,0.001,0.01,0.2,True,312,ModifiedHuberLoss,"{'delta': 0.5, 'factor': 0.5}"
163,Mode.DLMT_DQ_FM,62.42248901367188,2.7785565853118896,-11.91992238163948,11.91992238163948,91.110693693161,0.0025018328428268,0.0002585128545761,64,"[256, 256]","[GELU(approximate='none'), GELU(approximate='none')]",0.01,0.001,0.01,0.2,True,308,ModifiedHuberLoss,"{'delta': 0.5, 'factor': 1.0}"
164,Mode.DLMT_DQ_FM,11.850664291381836,2.5194497108459477,-15.63720703125,15.63720703125,101.04362392425536,0.0024969116449356,0.0002573632001876,64,"[256, 256]","[GELU(approximate='none'), GELU(approximate='none')]",0.01,0.001,0.01,0.5,True,335,ModifiedHuberLoss,"{'delta': 0.2, 'factor': 0.5}"
165,Mode.DLMT_DQ_FM,31.31877555847168,2.9839813709259038,-12.05870881676674,12.05870881676674,90.5140950679779,0.0025299869775772,0.0002604074478149,64,"[256, 256]","[GELU(approximate='none'), GELU(approximate='none')]",0.01,0.001,0.01,0.5,True,305,ModifiedHuberLoss,"{'delta': 0.2, 'factor': 1.0}"
166,Mode.DLMT_DQ_FM,25.47198974609375,2.269320487976074,-4.382986947894096,4.382986947894096,91.09888195991516,0.002524807691574,0.0002597134113311,64,"[256, 256]","[GELU(approximate='none'), GELU(approximate='none')]",0.01,0.001,0.01,0.5,True,307,ModifiedHuberLoss,"{'delta': 0.5, 'factor': 0.5}"
167,Mode.DLMT_DQ_FM,48.15520751953125,2.1466405391693115,-16.45207405090332,16.45207405090332,100.80084538459778,0.0025653003454208,0.0002617180347442,64,"[256, 256]","[GELU(approximate='none'), GELU(approximate='none')]",0.01,0.001,0.01,0.5,True,340,ModifiedHuberLoss,"{'delta': 0.5, 'factor': 1.0}"
168,Mode.DLMT_DQ_FM,9.186536388397217,2.143084526062012,14.82611745595932,14.82611745595932,69.17393374443054,0.0025647501945495,0.0002587583065032,64,"[256, 256]","[GELU(approximate='none'), GELU(approximate='none')]",0.001,0.01,0.01,0.0,True,241,ModifiedHuberLoss,"{'delta': 0.2, 'factor': 0.5}"
169,Mode.DLMT_DQ_FM,18.05358615875244,2.142570972442627,2.692678384482861,2.692678384482861,65.01950907707214,0.0025134958028793,0.000260136604309,64,"[256, 256]","[GELU(approximate='none'), GELU(approximate='none')]",0.001,0.01,0.01,0.0,True,226,ModifiedHuberLoss,"{'delta': 0.2, 'factor': 1.0}"
170,Mode.DLMT_DQ_FM,23.44625209808349,2.1617653369903564,-2.0926538854837418,2.0926538854837418,80.34598541259766,0.0025286672115325,0.000261076927185,64,"[256, 256]","[GELU(approximate='none'), GELU(approximate='none')]",0.001,0.01,0.01,0.0,True,280,ModifiedHuberLoss,"{'delta': 0.5, 'factor': 0.5}"
171,Mode.DLMT_DQ_FM,47.44921424865723,2.216846466064453,0.7376658264547586,0.7376658264547586,55.5902955532074,0.0025307174921035,0.0002608388662338,64,"[256, 256]","[GELU(approximate='none'), GELU(approximate='none')]",0.001,0.01,0.01,0.0,True,193,ModifiedHuberLoss,"{'delta': 0.5, 'factor': 1.0}"
172,Mode.DLMT_DQ_FM,8.271601676940918,1.980775594711304,-10.472027212381365,10.472027212381365,90.04199194908142,0.0025444312095642,0.0002621299028396,64,"[256, 256]","[GELU(approximate='none'), GELU(approximate='none')]",0.001,0.01,0.01,0.2,True,298,ModifiedHuberLoss,"{'delta': 0.2, 'factor': 0.5}"
173,Mode.DLMT_DQ_FM,22.146751556396485,2.471127986907959,-5.46330101788044,5.46330101788044,57.057334661483765,0.0025109714269638,0.0002584643363952,64,"[256, 256]","[GELU(approximate='none'), GELU(approximate='none')]",0.001,0.01,0.01,0.2,True,191,ModifiedHuberLoss,"{'delta': 0.2, 'factor': 1.0}"
174,Mode.DLMT_DQ_FM,20.84076402664185,2.019707202911377,-10.696633160114288,10.696633160114288,75.8378677368164,0.0025226559638977,0.0002598091363906,64,"[256, 256]","[GELU(approximate='none'), GELU(approximate='none')]",0.001,0.01,0.01,0.2,True,254,ModifiedHuberLoss,"{'delta': 0.5, 'factor': 0.5}"
175,Mode.DLMT_DQ_FM,40.43141815185547,1.9911928176879885,-7.540649920701981,7.540649920701981,77.06100821495056,0.0025340642929077,0.0002610813379287,64,"[256, 256]","[GELU(approximate='none'), GELU(approximate='none')]",0.001,0.01,0.01,0.2,True,258,ModifiedHuberLoss,"{'delta': 0.5, 'factor': 1.0}"
176,Mode.DLMT_DQ_FM,11.417820682525637,2.379453659057617,-15.999969840049744,15.999969840049744,74.15199828147888,0.0025874378681182,0.0002709699869155,64,"[256, 256]","[GELU(approximate='none'), GELU(approximate='none')]",0.001,0.01,0.01,0.5,True,247,ModifiedHuberLoss,"{'delta': 0.2, 'factor': 0.5}"
177,Mode.DLMT_DQ_FM,20.89426071166992,2.221756935119629,-10.510748624801636,10.510748624801636,75.88296389579773,0.0024961376190185,0.0002580275535583,64,"[256, 256]","[GELU(approximate='none'), GELU(approximate='none')]",0.001,0.01,0.01,0.5,True,251,ModifiedHuberLoss,"{'delta': 0.2, 'factor': 1.0}"
178,Mode.DLMT_DQ_FM,29.626755828857423,2.4733498096466064,-13.26882392168045,13.26882392168045,86.54338240623474,0.0025110461711883,0.0002581152915954,64,"[256, 256]","[GELU(approximate='none'), GELU(approximate='none')]",0.001,0.01,0.01,0.5,True,292,ModifiedHuberLoss,"{'delta': 0.5, 'factor': 0.5}"
179,Mode.DLMT_DQ_FM,59.09617332458496,2.554782629013061,-12.583261728286743,12.583261728286743,97.54312014579772,0.002531247138977,0.0002596869468688,64,"[256, 256]","[GELU(approximate='none'), GELU(approximate='none')]",0.001,0.01,0.01,0.5,True,327,ModifiedHuberLoss,"{'delta': 0.5, 'factor': 1.0}"
180,Mode.DLMT_DQ_FM,8.875554122924804,2.161751270294189,-1.5095767565071585,1.5095767565071585,72.60534453392029,0.0025087344646453,0.0002583971023559,64,"[256, 256]","[GELU(approximate='none'), GELU(approximate='none')]",0.001,0.001,0.01,0.0,True,254,ModifiedHuberLoss,"{'delta': 0.2, 'factor': 0.5}"
181,Mode.DLMT_DQ_FM,18.906804809570318,2.260948657989502,2.8199031949043274,2.8199031949043274,88.21242094039917,0.0025406711101531,0.0002601141929626,64,"[256, 256]","[GELU(approximate='none'), GELU(approximate='none')]",0.001,0.001,0.01,0.0,True,306,ModifiedHuberLoss,"{'delta': 0.2, 'factor': 1.0}"
182,Mode.DLMT_DQ_FM,24.3371524810791,2.221987247467041,0.3867229912430048,0.3867229912430048,56.47106409072876,0.0025057022571563,0.0002588812112808,64,"[256, 256]","[GELU(approximate='none'), GELU(approximate='none')]",0.001,0.001,0.01,0.0,True,196,ModifiedHuberLoss,"{'delta': 0.5, 'factor': 0.5}"
183,Mode.DLMT_DQ_FM,47.50188926696777,2.220653295516968,4.827505350112915,4.827505350112915,80.42579674720764,0.002686714887619,0.0002822329998016,64,"[256, 256]","[GELU(approximate='none'), GELU(approximate='none')]",0.001,0.001,0.01,0.0,True,279,ModifiedHuberLoss,"{'delta': 0.5, 'factor': 1.0}"
184,Mode.DLMT_DQ_FM,9.828216876983642,2.212933301925659,-13.717885315418243,13.717885315418243,71.563969373703,0.002542154431343,0.0002673836946487,64,"[256, 256]","[GELU(approximate='none'), GELU(approximate='none')]",0.001,0.001,0.01,0.2,True,238,ModifiedHuberLoss,"{'delta': 0.2, 'factor': 0.5}"
185,Mode.DLMT_DQ_FM,17.688791275024414,2.141409397125244,-13.162438571453094,13.162438571453094,61.41510772705078,0.0027196801900863,0.0002844099998474,64,"[256, 256]","[GELU(approximate='none'), GELU(approximate='none')]",0.001,0.001,0.01,0.2,True,204,ModifiedHuberLoss,"{'delta': 0.2, 'factor': 1.0}"
186,Mode.DLMT_DQ_FM,21.97263122558594,2.046694755554199,-14.529605209827425,14.529605209827425,83.40293431282043,0.0025726352930068,0.0002682906389236,64,"[256, 256]","[GELU(approximate='none'), GELU(approximate='none')]",0.001,0.001,0.01,0.2,True,275,ModifiedHuberLoss,"{'delta': 0.5, 'factor': 0.5}"
187,Mode.DLMT_DQ_FM,36.423230743408205,1.858339071273804,-13.66279125213623,13.66279125213623,93.58733701705933,0.0025353610515594,0.000266486287117,64,"[256, 256]","[GELU(approximate='none'), GELU(approximate='none')]",0.001,0.001,0.01,0.2,True,312,ModifiedHuberLoss,"{'delta': 0.5, 'factor': 1.0}"
188,Mode.DLMT_DQ_FM,11.837917194366456,2.443174123764038,-11.243140697479248,11.243140697479248,100.20666122436523,0.0025392404794692,0.0002652509212493,64,"[256, 256]","[GELU(approximate='none'), GELU(approximate='none')]",0.001,0.001,0.01,0.5,True,333,ModifiedHuberLoss,"{'delta': 0.2, 'factor': 0.5}"
189,Mode.DLMT_DQ_FM,23.007043724060058,2.5091514587402344,-10.921676456928251,10.921676456928251,85.04262399673462,0.0026584779024124,0.0002801051139831,64,"[256, 256]","[GELU(approximate='none'), GELU(approximate='none')]",0.001,0.001,0.01,0.5,True,281,ModifiedHuberLoss,"{'delta': 0.2, 'factor': 1.0}"
190,Mode.DLMT_DQ_FM,31.853388214111327,2.650798797607422,-6.691598892211914,6.691598892211914,72.27687764167786,0.0025319846868515,0.000263624548912,64,"[256, 256]","[GELU(approximate='none'), GELU(approximate='none')]",0.001,0.001,0.01,0.5,True,236,ModifiedHuberLoss,"{'delta': 0.5, 'factor': 0.5}"
191,Mode.DLMT_DQ_FM,63.1781086730957,2.6637511253356934,-10.148361325263975,10.148361325263975,91.26749348640442,0.0026805728673934,0.0002818340063095,64,"[256, 256]","[GELU(approximate='none'), GELU(approximate='none')]",0.001,0.001,0.01,0.5,True,301,ModifiedHuberLoss,"{'delta': 0.5, 'factor': 1.0}"
192,Mode.DLMT_DQ_FM,9.378312397003176,2.14377498626709,1.6371620818972588,1.6371620818972588,72.38702011108398,0.0034893267154693,0.0003308299779891,64,"[512, 512]","[GELU(approximate='none'), GELU(approximate='none')]",0.01,0.01,0.01,0.0,True,211,ModifiedHuberLoss,"{'delta': 0.2, 'factor': 0.5}"
193,Mode.DLMT_DQ_FM,17.587660751342774,2.118060111999512,8.075732737779617,8.075732737779617,81.52954173088074,0.0032057025432586,0.0003005224466323,64,"[512, 512]","[GELU(approximate='none'), GELU(approximate='none')]",0.01,0.01,0.01,0.0,True,242,ModifiedHuberLoss,"{'delta': 0.2, 'factor': 1.0}"
194,Mode.DLMT_DQ_FM,22.742786560058597,2.132069826126098,1.7844442278146744,1.7844442278146744,67.88398814201355,0.0032137017250061,0.0002990189790725,64,"[512, 512]","[GELU(approximate='none'), GELU(approximate='none')]",0.01,0.01,0.01,0.0,True,201,ModifiedHuberLoss,"{'delta': 0.5, 'factor': 0.5}"
195,Mode.DLMT_DQ_FM,44.61021041870117,2.1256682872772217,7.655273377895355,7.655273377895355,70.15312957763672,0.0032363336086273,0.0003021759986877,64,"[512, 512]","[GELU(approximate='none'), GELU(approximate='none')]",0.01,0.01,0.01,0.0,True,208,ModifiedHuberLoss,"{'delta': 0.5, 'factor': 1.0}"
196,Mode.DLMT_DQ_FM,8.801936473846435,2.136793851852417,-3.586570918560028,3.586570918560028,121.52937936782835,0.0038985319137573,0.0003107067346572,64,"[512, 512]","[GELU(approximate='none'), GELU(approximate='none')]",0.01,0.01,0.01,0.2,True,340,ModifiedHuberLoss,"{'delta': 0.2, 'factor': 0.5}"
197,Mode.DLMT_DQ_FM,15.934284477233886,1.988518238067627,-5.973445624113083,5.973445624113083,80.04343771934509,0.0039675730466842,0.0003120169639587,64,"[512, 512]","[GELU(approximate='none'), GELU(approximate='none')]",0.01,0.01,0.01,0.2,True,228,ModifiedHuberLoss,"{'delta': 0.2, 'factor': 1.0}"
198,Mode.DLMT_DQ_FM,22.427952308654785,2.1398730278015137,-12.319892644882202,12.319892644882202,95.8077552318573,0.003494304895401,0.0003287303447723,64,"[512, 512]","[GELU(approximate='none'), GELU(approximate='none')]",0.01,0.01,0.01,0.2,True,275,ModifiedHuberLoss,"{'delta': 0.5, 'factor': 0.5}"
199,Mode.DLMT_DQ_FM,43.96209869384766,2.122413396835327,-5.714502930641174,5.714502930641174,85.00841665267944,0.0033007869720458,0.0003117171525955,64,"[512, 512]","[GELU(approximate='none'), GELU(approximate='none')]",0.01,0.01,0.01,0.2,True,245,ModifiedHuberLoss,"{'delta': 0.5, 'factor': 1.0}"
200,Mode.DLMT_DQ_FM,11.277339591979981,2.5115785598754883,-14.596869051456451,14.596869051456451,102.49914622306824,0.003232285737991333,0.0003061397075653076,64,"[512, 512]","[GELU(approximate='none'), GELU(approximate='none')]",0.01,0.01,0.01,0.5,True,295,ModifiedHuberLoss,"{'delta': 0.2, 'factor': 0.5}"
201,Mode.DLMT_DQ_FM,16.972073860168457,2.0930631160736084,-18.5658261179924,18.5658261179924,105.93693041801453,0.003434959173202515,0.000325333833694458,64,"[512, 512]","[GELU(approximate='none'), GELU(approximate='none')]",0.01,0.01,0.01,0.5,True,306,ModifiedHuberLoss,"{'delta': 0.2, 'factor': 1.0}"
202,Mode.DLMT_DQ_FM,24.255550727844238,2.217137098312378,-11.086146533489227,11.086146533489227,106.47289609909058,0.0033466520309448243,0.00031694459915161135,64,"[512, 512]","[GELU(approximate='none'), GELU(approximate='none')]",0.01,0.01,0.01,0.5,True,307,ModifiedHuberLoss,"{'delta': 0.5, 'factor': 0.5}"
203,Mode.DLMT_DQ_FM,50.09696273803711,2.2626492977142334,-10.700789839029312,10.700789839029312,75.35528349876404,0.003770816683769226,0.0003016018867492676,64,"[512, 512]","[GELU(approximate='none'), GELU(approximate='none')]",0.01,0.01,0.01,0.5,True,215,ModifiedHuberLoss,"{'delta': 0.5, 'factor': 1.0}"
204,Mode.DLMT_DQ_FM,9.424409980773925,2.180236339569092,0.7927050814032555,0.7927050814032555,80.08959317207336,0.004007954478263855,0.0003165332078933716,64,"[512, 512]","[GELU(approximate='none'), GELU(approximate='none')]",0.01,0.001,0.01,0.0,True,237,ModifiedHuberLoss,"{'delta': 0.2, 'factor': 0.5}"
205,Mode.DLMT_DQ_FM,19.851804656982424,2.2242753505706787,1.1548826470971107,1.1548826470971107,81.21856617927551,0.0032260886430740356,0.0003057926893234253,64,"[512, 512]","[GELU(approximate='none'), GELU(approximate='none')]",0.01,0.001,0.01,0.0,True,239,ModifiedHuberLoss,"{'delta': 0.2, 'factor': 1.0}"
206,Mode.DLMT_DQ_FM,22.996460800170897,2.17830753326416,-0.42910343036055565,0.42910343036055565,72.86023950576782,0.003773133397102356,0.00033021843433380125,64,"[512, 512]","[GELU(approximate='none'), GELU(approximate='none')]",0.01,0.001,0.01,0.0,True,219,ModifiedHuberLoss,"{'delta': 0.5, 'factor': 0.5}"
207,Mode.DLMT_DQ_FM,56.73458686828613,2.503044366836548,-13.006722927093506,13.006722927093506,62.65643906593323,0.0033823697566986084,0.0003214280605316162,64,"[512, 512]","[GELU(approximate='none'), GELU(approximate='none')]",0.01,0.001,0.01,0.0,True,186,ModifiedHuberLoss,"{'delta': 0.5, 'factor': 1.0}"
208,Mode.DLMT_DQ_FM,7.94330943107605,1.9298430681228638,-10.131624341011047,10.131624341011047,91.20321130752563,0.0032855974435806274,0.00031351423263549803,64,"[512, 512]","[GELU(approximate='none'), GELU(approximate='none')]",0.01,0.001,0.01,0.2,True,255,ModifiedHuberLoss,"{'delta': 0.2, 'factor': 0.5}"
209,Mode.DLMT_DQ_FM,21.486541900634766,2.512634038925171,-10.49649491906166,10.49649491906166,77.9591383934021,0.003272786021232605,0.0003137931823730469,64,"[512, 512]","[GELU(approximate='none'), GELU(approximate='none')]",0.01,0.001,0.01,0.2,True,223,ModifiedHuberLoss,"{'delta': 0.2, 'factor': 1.0}"
210,Mode.DLMT_DQ_FM,21.516394157409668,2.08293080329895,-2.8692593798041344,2.8692593798041344,93.18885159492493,0.003938149333000183,0.0003090903759002686,64,"[512, 512]","[GELU(approximate='none'), GELU(approximate='none')]",0.01,0.001,0.01,0.2,True,266,ModifiedHuberLoss,"{'delta': 0.5, 'factor': 0.5}"
211,Mode.DLMT_DQ_FM,42.64663497924805,2.0698904991149902,-4.094323143362999,4.094323143362999,76.96940994262695,0.0032301212549209596,0.000306221604347229,64,"[512, 512]","[GELU(approximate='none'), GELU(approximate='none')]",0.01,0.001,0.01,0.2,True,219,ModifiedHuberLoss,"{'delta': 0.5, 'factor': 1.0}"
212,Mode.DLMT_DQ_FM,9.224826488494873,2.1027588844299316,-11.006884276866913,11.006884276866913,117.61279273033142,0.003247378945350647,0.00030060482025146484,64,"[512, 512]","[GELU(approximate='none'), GELU(approximate='none')]",0.01,0.001,0.01,0.5,True,341,ModifiedHuberLoss,"{'delta': 0.2, 'factor': 0.5}"
213,Mode.DLMT_DQ_FM,18.866468925476074,2.1391849517822266,-17.324678599834442,17.324678599834442,95.73754692077637,0.003270646810531616,0.00031077301502227783,64,"[512, 512]","[GELU(approximate='none'), GELU(approximate='none')]",0.01,0.001,0.01,0.5,True,275,ModifiedHuberLoss,"{'delta': 0.2, 'factor': 1.0}"
214,Mode.DLMT_DQ_FM,20.88383800506592,1.9770488739013672,-12.863728404045105,12.863728404045105,111.61779975891113,0.003229898452758789,0.00030820155143737794,64,"[512, 512]","[GELU(approximate='none'), GELU(approximate='none')]",0.01,0.001,0.01,0.5,True,319,ModifiedHuberLoss,"{'delta': 0.5, 'factor': 0.5}"
215,Mode.DLMT_DQ_FM,40.23662910461426,2.0339765548706055,-17.108891904354095,17.108891904354095,126.78282690048218,0.003169866681098938,0.00029249536991119384,64,"[512, 512]","[GELU(approximate='none'), GELU(approximate='none')]",0.01,0.001,0.01,0.5,True,363,ModifiedHuberLoss,"{'delta': 0.5, 'factor': 1.0}"
216,Mode.DLMT_DQ_FM,9.866095275878907,2.2578394412994385,0.32958497758954763,0.32958497758954763,69.81674146652222,0.003203914999961853,0.0002930139303207397,64,"[512, 512]","[GELU(approximate='none'), GELU(approximate='none')]",0.001,0.01,0.01,0.0,True,208,ModifiedHuberLoss,"{'delta': 0.2, 'factor': 0.5}"
217,Mode.DLMT_DQ_FM,17.982070693969728,2.1319420337677,4.374878108501434,4.374878108501434,80.23915457725525,0.0035461196899414064,0.00029926645755767823,64,"[512, 512]","[GELU(approximate='none'), GELU(approximate='none')]",0.001,0.01,0.01,0.0,True,240,ModifiedHuberLoss,"{'delta': 0.2, 'factor': 1.0}"
218,Mode.DLMT_DQ_FM,24.837525329589845,2.211233615875244,-2.0088743418455124,2.0088743418455124,63.03995227813721,0.003199894428253174,0.0002994168996810913,64,"[512, 512]","[GELU(approximate='none'), GELU(approximate='none')]",0.001,0.01,0.01,0.0,True,189,ModifiedHuberLoss,"{'delta': 0.5, 'factor': 0.5}"
219,Mode.DLMT_DQ_FM,51.29170883178711,2.285156488418579,0.8749745786190033,0.8749745786190033,68.33498930931091,0.0033770419359207154,0.0003221240043640137,64,"[512, 512]","[GELU(approximate='none'), GELU(approximate='none')]",0.001,0.01,0.01,0.0,True,206,ModifiedHuberLoss,"{'delta': 0.5, 'factor': 1.0}"
220,Mode.DLMT_DQ_FM,8.810957050323486,2.13889479637146,-4.734490439295769,4.734490439295769,117.59099435806274,0.003479550838470459,0.00033221542835235594,64,"[512, 512]","[GELU(approximate='none'), GELU(approximate='none')]",0.001,0.01,0.01,0.2,True,333,ModifiedHuberLoss,"{'delta': 0.2, 'factor': 0.5}"
221,Mode.DLMT_DQ_FM,16.320234451293945,2.0448684692382812,-2.500952035188675,2.500952035188675,89.94050359725952,0.003385632514953613,0.0003243427276611328,64,"[512, 512]","[GELU(approximate='none'), GELU(approximate='none')]",0.001,0.01,0.01,0.2,True,257,ModifiedHuberLoss,"{'delta': 0.2, 'factor': 1.0}"
222,Mode.DLMT_DQ_FM,20.80258186340332,2.000365734100342,-3.270069882273674,3.270069882273674,95.20595741271973,0.0032487155199050904,0.0003104923963546753,64,"[512, 512]","[GELU(approximate='none'), GELU(approximate='none')]",0.001,0.01,0.01,0.2,True,272,ModifiedHuberLoss,"{'delta': 0.5, 'factor': 0.5}"
223,Mode.DLMT_DQ_FM,38.68287399291992,1.9861578941345215,-8.02999809384346,8.02999809384346,111.47356748580933,0.0032287179231643677,0.0003006570339202881,64,"[512, 512]","[GELU(approximate='none'), GELU(approximate='none')]",0.001,0.01,0.01,0.2,True,320,ModifiedHuberLoss,"{'delta': 0.5, 'factor': 1.0}"
224,Mode.DLMT_DQ_FM,11.4191402053833,2.483790636062622,-12.478071451187134,12.478071451187134,88.85803508758545,0.003274902582168579,0.00031667816638946534,64,"[512, 512]","[GELU(approximate='none'), GELU(approximate='none')]",0.001,0.01,0.01,0.5,True,255,ModifiedHuberLoss,"{'delta': 0.2, 'factor': 0.5}"
225,Mode.DLMT_DQ_FM,21.261163330078126,2.357114553451538,-11.42454519867897,11.42454519867897,128.36257886886597,0.003926041960716248,0.0003263614177703857,64,"[512, 512]","[GELU(approximate='none'), GELU(approximate='none')]",0.001,0.01,0.01,0.5,True,370,ModifiedHuberLoss,"{'delta': 0.2, 'factor': 1.0}"
226,Mode.DLMT_DQ_FM,21.256357040405273,1.9920133352279663,-16.63753092288971,16.63753092288971,106.88472962379456,0.0032433544397354125,0.0003081793785095215,64,"[512, 512]","[GELU(approximate='none'), GELU(approximate='none')]",0.001,0.01,0.01,0.5,True,305,ModifiedHuberLoss,"{'delta': 0.5, 'factor': 0.5}"
227,Mode.DLMT_DQ_FM,49.71765602111817,2.2459089756011963,-14.305190742015839,14.305190742015839,65.27200412750244,0.003371848940849304,0.0003189340829849243,64,"[512, 512]","[GELU(approximate='none'), GELU(approximate='none')]",0.001,0.01,0.01,0.5,True,188,ModifiedHuberLoss,"{'delta': 0.5, 'factor': 1.0}"
228,Mode.DLMT_DQ_FM,9.67695213317871,2.198819875717163,-7.63712152838707,7.63712152838707,65.77024674415588,0.0033316769599914552,0.000315230131149292,64,"[512, 512]","[GELU(approximate='none'), GELU(approximate='none')]",0.001,0.001,0.01,0.0,True,198,ModifiedHuberLoss,"{'delta': 0.2, 'factor': 0.5}"
229,Mode.DLMT_DQ_FM,19.981633224487304,2.2774250507354736,4.855290055274963,4.855290055274963,56.34972167015076,0.003351663112640381,0.0003162323236465454,64,"[512, 512]","[GELU(approximate='none'), GELU(approximate='none')]",0.001,0.001,0.01,0.0,True,170,ModifiedHuberLoss,"{'delta': 0.2, 'factor': 1.0}"
230,Mode.DLMT_DQ_FM,21.424778327941894,2.082253932952881,-5.555768683552742,5.555768683552742,83.97570848464966,0.003258427143096924,0.0003061040639877319,64,"[512, 512]","[GELU(approximate='none'), GELU(approximate='none')]",0.001,0.001,0.01,0.0,True,254,ModifiedHuberLoss,"{'delta': 0.5, 'factor': 0.5}"
231,Mode.DLMT_DQ_FM,45.26291328430176,2.174905300140381,18.954741954803467,18.954741954803467,89.30314040184021,0.003297381281852722,0.0003109486103057861,64,"[512, 512]","[GELU(approximate='none'), GELU(approximate='none')]",0.001,0.001,0.01,0.0,True,266,ModifiedHuberLoss,"{'delta': 0.5, 'factor': 1.0}"
232,Mode.DLMT_DQ_FM,8.563917379379273,2.033991813659668,-9.616846591234207,9.616846591234207,98.74491453170776,0.0031966681480407716,0.0002987090349197388,64,"[512, 512]","[GELU(approximate='none'), GELU(approximate='none')]",0.001,0.001,0.01,0.2,True,284,ModifiedHuberLoss,"{'delta': 0.2, 'factor': 0.5}"
233,Mode.DLMT_DQ_FM,17.703189430236815,2.083885908126831,-6.180271506309509,6.180271506309509,81.98062896728516,0.0032410143613815306,0.0003034379482269287,64,"[512, 512]","[GELU(approximate='none'), GELU(approximate='none')]",0.001,0.001,0.01,0.2,True,237,ModifiedHuberLoss,"{'delta': 0.2, 'factor': 1.0}"
234,Mode.DLMT_DQ_FM,21.736885833740235,2.1301827430725098,-7.515740394592285,7.515740394592285,91.91018915176392,0.00332560396194458,0.0003123512268066406,64,"[512, 512]","[GELU(approximate='none'), GELU(approximate='none')]",0.001,0.001,0.01,0.2,True,264,ModifiedHuberLoss,"{'delta': 0.5, 'factor': 0.5}"
235,Mode.DLMT_DQ_FM,41.043396377563475,2.050584316253662,-4.131636396050453,4.131636396050453,86.07032823562622,0.0034325516223907473,0.0003244003057479858,64,"[512, 512]","[GELU(approximate='none'), GELU(approximate='none')]",0.001,0.001,0.01,0.2,True,246,ModifiedHuberLoss,"{'delta': 0.5, 'factor': 1.0}"
236,Mode.DLMT_DQ_FM,9.685894107818603,2.21083402633667,-15.854912996292114,15.854912996292114,138.80494332313538,0.0032631115913391113,0.0003099098205566406,64,"[512, 512]","[GELU(approximate='none'), GELU(approximate='none')]",0.001,0.001,0.01,0.5,True,398,ModifiedHuberLoss,"{'delta': 0.2, 'factor': 0.5}"
237,Mode.DLMT_DQ_FM,19.577484855651857,2.2587075233459473,-10.677380114793777,10.677380114793777,74.17612266540527,0.003230966806411743,0.00030565476417541504,64,"[512, 512]","[GELU(approximate='none'), GELU(approximate='none')]",0.001,0.001,0.01,0.5,True,212,ModifiedHuberLoss,"{'delta': 0.2, 'factor': 1.0}"
238,Mode.DLMT_DQ_FM,26.9811536026001,2.3765628337860107,-12.579730153083801,12.579730153083801,84.61496758460999,0.003214680314064026,0.00030031871795654295,64,"[512, 512]","[GELU(approximate='none'), GELU(approximate='none')]",0.001,0.001,0.01,0.5,True,243,ModifiedHuberLoss,"{'delta': 0.5, 'factor': 0.5}"
239,Mode.DLMT_DQ_FM,47.95711502075196,2.2991394996643066,-16.615495085716248,16.615495085716248,116.7832579612732,0.0033959228992462157,0.0003134365081787109,64,"[512, 512]","[GELU(approximate='none'), GELU(approximate='none')]",0.001,0.001,0.01,0.5,True,331,ModifiedHuberLoss,"{'delta': 0.5, 'factor': 1.0}"
